video_id,class
10099,241
10104,241
10107,241
10108,241
10109,241
10111,241
10112,241
10114,241
10295,805
10296,805
10297,805
10298,805
10305,805
10308,805
10309,805
10310,805
10313,805
10314,805
10315,805
10588,95
10589,95
10592,95
10593,95
10594,95
10595,95
10597,95
10598,95
10599,1008
10602,1008
10635,95
10637,95
10639,95
10640,95
10888,323
10895,323
10899,323
10900,323
10901,323
10902,323
10903,323
10904,323
10965,609
10967,609
10970,609
10971,609
10972,609
10973,609
10976,609
11030,1269
11034,1269
11037,1269
11038,1269
11039,1269
11040,1269
11042,1269
11087,1050
11088,1050
11089,1050
11090,1050
11094,1050
11095,1050
11096,1050
11259,615
11260,615
11265,615
11305,977
11311,977
11312,977
11313,977
11314,977
11316,977
11327,977
11470,853
11471,853
11472,853
11473,853
11476,853
11621,282
11622,282
11623,282
11627,282
11628,282
11630,282
11634,282
11635,282
11636,282
11637,282
11638,282
11686,217
11687,217
11688,217
11689,217
11693,217
11704,372
11708,372
11711,372
11712,372
11713,372
11714,372
11715,372
11718,372
11752,336
11767,336
11768,336
11774,336
11775,336
11776,336
11778,336
11779,336
11780,336
11936,665
11942,665
11944,665
11946,665
11947,665
11948,665
11950,665
11951,665
11971,905
11972,905
11973,905
11994,766
11995,766
11996,766
11997,766
12000,766
12011,186
12013,186
12016,186
12019,186
12020,186
12058,323
12060,323
12062,323
12065,323
12066,323
12067,323
12068,323
12069,323
12158,703
12159,703
12160,703
12161,703
12164,703
12210,558
12211,558
12213,558
12584,286
12586,286
12589,286
12590,286
12591,286
12592,286
12593,286
12694,784
12696,784
12703,784
12704,784
12941,703
12942,703
12943,703
12946,703
12947,703
13015,258
13021,258
13023,1083
13024,258
13026,1083
13027,258
13040,1004
13042,1004
13043,1004
13044,1004
13047,1004
13048,1004
13049,1004
13087,241
13093,241
13094,241
13154,1011
13158,1011
13159,1011
13164,1011
13165,1011
13166,1011
13198,901
13203,901
13206,901
13217,901
13244,648
13245,648
13246,648
13247,648
13250,648
13252,648
13253,648
13350,460
13351,460
13355,460
13357,460
13359,460
13407,1321
13414,1321
13417,1321
13418,1321
13420,1321
13423,1321
13424,1321
13455,675
13456,675
13457,675
13458,675
13461,675
13462,675
13463,675
13464,675
13498,1025
13499,1025
13500,1025
13503,1025
13507,1025
13508,1025
13630,967
13633,967
13634,967
13635,967
13636,967
13639,967
13640,967
13643,967
13646,967
13647,967
13648,967
13681,774
13696,774
13697,774
13698,774
13701,774
13702,774
13703,774
13704,774
13705,774
13706,774
13707,774
13708,774
13732,223
13733,223
13734,223
13737,223
13740,223
13820,556
13822,556
13877,803
13878,803
13879,803
13883,803
14450,948
14451,838
14452,948
14453,948
14457,948
14458,948
14459,948
14460,948
14461,948
14472,485
14473,485
14481,485
14484,485
14565,19
14566,19
14569,19
14570,19
14571,19
14572,19
14577,991
14578,991
14579,991
14582,991
14583,991
14584,991
14601,163
14602,163
14604,163
14605,163
14608,163
14621,487
14622,487
14623,487
14628,487
14629,487
14630,487
14632,487
14633,487
14669,1103
14671,1103
14672,1103
14673,1103
14674,1103
14677,1103
14678,1103
14679,1103
14680,1103
14681,1103
14682,1103
14683,1103
14728,20
14729,20
14732,20
14734,20
14738,20
14772,1253
14773,1253
14774,1253
14775,1253
14829,433
14835,433
14837,433
14838,433
14839,433
14840,433
14844,433
14855,1142
14883,1142
14884,1142
14885,1142
14887,1142
14888,1142
14889,1142
14891,1142
14895,1142
14896,1142
14898,1142
14899,1142
14903,1142
14953,433
14954,433
14955,433
14960,27
14961,27
14964,27
14966,27
14978,462
14979,462
14981,462
14982,462
15031,373
15035,373
15036,373
15038,373
15041,373
15042,373
15139,767
15140,767
15141,767
15142,767
15145,767
15146,767
15182,784
15185,784
15192,784
15196,784
15292,1258
15295,1258
15296,1258
15297,1258
15300,1258
15302,1258
15317,1106
15319,1106
15322,1106
15323,1106
15324,1106
15325,1106
15326,1106
15330,1106
15331,1106
15332,1106
15424,840
15425,840
15426,840
15427,840
15429,840
15430,840
15473,814
15474,814
15475,814
15476,814
15479,814
15480,814
15481,814
15528,496
15529,496
15594,695
15603,695
15604,695
15605,695
15606,695
15609,695
15610,695
15691,653
15695,653
15696,653
15705,993
15706,993
15707,993
15710,993
15711,993
15712,993
15713,993
15741,83
15752,83
15753,83
15755,83
15772,512
15773,512
15774,512
15777,512
15778,512
15780,512
15781,512
15807,20
15808,20
15809,20
15810,20
15815,20
15817,20
15825,163
15827,163
15828,163
15829,163
15830,163
15833,163
15840,613
15844,613
15845,613
15848,613
15900,373
15901,373
15904,373
15906,373
16001,838
16002,838
16004,838
16155,433
16162,433
16164,433
16165,433
16167,433
16168,433
16190,202
16191,202
16192,202
16193,202
16195,202
16198,202
16199,202
16200,202
16203,202
16212,1002
16213,1002
16216,1002
16225,467
16231,467
16236,467
16237,467
16238,467
16239,467
16241,467
16350,1258
16353,1258
16354,1258
16355,1258
16357,1258
16383,943
16384,943
16385,943
16392,1177
16394,1177
16396,1177
16397,1177
16402,1177
16405,1177
16406,1177
16407,1177
16410,1177
16411,1177
16412,1177
16502,1278
16504,1278
16506,1278
16510,1278
16525,613
16526,613
16529,613
16530,613
16531,613
16540,591
16542,591
16560,1062
16561,1062
16562,1062
16563,1062
16567,1062
16568,1062
16569,1062
16581,27
16585,27
16586,27
16587,27
16588,27
16590,27
16593,27
16594,27
16595,27
16598,27
16803,500
16804,500
16805,500
16808,500
16809,500
16810,500
16811,500
16872,666
16873,666
16874,666
16879,666
16880,666
16922,23
16925,23
16927,23
16928,23
16930,23
16935,23
16949,23
16951,23
16955,23
16956,23
16957,23
17007,76
17014,76
17015,76
17016,76
17019,76
17020,76
17024,76
17025,76
17026,76
17039,1173
17041,1173
17042,1173
17076,807
17083,807
17086,807
17087,807
17088,807
17090,807
17096,807
17097,807
17206,65
17208,65
17209,65
17214,65
17317,1263
17324,1263
17325,1263
17326,1263
17327,1263
17329,1263
17332,1263
17333,1263
17335,1263
17336,1263
17352,294
17353,294
17354,294
17355,294
17358,294
17359,294
17360,294
17362,294
17363,294
17364,294
17365,294
17422,653
17428,653
17429,653
17430,653
17433,653
17434,653
17435,653
17455,653
17458,653
17459,653
17460,653
17461,653
17511,1249
17512,1249
17518,1249
17520,1249
17521,1249
17557,868
17559,868
17562,868
17563,868
17564,868
17594,83
17595,83
17596,83
17600,83
17601,83
17602,83
17605,83
17607,83
17655,977
17656,977
17659,977
17660,977
17661,977
17664,977
17665,977
17709,1308
17711,1308
17712,1308
17713,1308
17714,1308
17717,1308
17718,1308
17721,1308
17722,1308
17723,1308
17724,1308
17725,1308
17726,1308
17727,1308
17728,1308
17730,1308
17731,1308
17732,1308
17733,1308
17958,462
17959,462
17960,462
17965,462
18027,155
18028,155
18029,155
18030,155
18033,155
18034,155
18035,155
18036,155
18038,79
18039,453
18040,1103
18041,453
18042,453
18043,453
18067,204
18108,531
18109,531
18113,531
18117,531
18118,531
18156,197
18158,197
18159,197
18160,197
18161,197
18164,91
18166,91
18167,91
18177,91
18178,91
18181,91
18183,91
18184,91
18190,217
18195,217
18196,217
18197,217
18200,217
18201,217
18202,217
18203,217
18227,197
18239,1014
18241,1014
18242,1014
18245,1014
18246,1014
18247,1014
18248,1014
18316,1179
18323,1179
18324,1179
18329,1179
18331,1179
18333,1179
18334,1179
18335,1179
18413,1209
18417,1209
18419,1209
18420,1209
18854,1019
18856,1019
18857,1019
18858,1019
18861,1019
19049,91
19051,91
19055,91
19057,91
19103,558
19109,558
19110,558
19111,558
19114,558
19115,111
19116,558
19119,558
19198,203
19212,203
19213,203
19214,203
19217,203
19218,330
19223,330
19224,330
19225,330
19226,330
19227,330
19228,330
19230,330
19232,330
19235,330
19236,330
19237,330
19238,330
19239,330
19255,797
19257,797
19258,797
19259,797
19261,797
19262,797
19265,797
19266,797
19268,797
19269,797
19297,252
19298,252
19303,252
19502,1111
19504,1111
19505,1111
19509,1111
19510,1111
19512,1111
19515,1111
19516,1111
19517,1111
19556,164
19557,164
19558,164
19559,164
19562,164
19563,164
19564,164
19565,164
19567,164
19739,79
19742,79
19746,79
19747,79
19748,79
19760,1187
19766,1187
19769,1187
19798,531
19812,991
19813,991
19818,991
19820,991
19845,531
19846,531
19847,531
19848,531
19966,899
19967,899
19968,899
19969,899
19972,899
19973,899
19974,899
19975,899
20007,374
20008,374
20009,374
20012,374
20013,374
20014,374
20064,814
20070,814
20071,814
20072,814
20073,814
20074,814
20075,814
20076,814
20108,1141
20109,1141
20110,1141
20111,1141
20115,1141
20137,388
20139,388
20141,388
20142,388
20144,388
20145,388
20146,388
20149,388
20197,448
20198,448
20202,448
20203,448
20256,814
20257,814
20258,814
20260,814
20435,993
20438,993
20439,993
20440,993
20441,993
20443,993
20444,993
20445,993
20601,1107
20632,1107
20635,1107
20636,1107
20661,1107
20664,1107
20665,1107
20666,1107
20667,1107
20737,899
20746,899
20747,899
20748,899
20965,129
20967,129
20969,129
20970,129
20973,129
20976,699
20978,699
20979,699
20980,699
20983,699
20984,699
20985,699
20986,699
20988,699
20989,699
20992,699
21052,210
21069,210
21070,210
21071,210
21072,210
21073,210
21074,210
21075,210
21078,210
21081,210
21168,820
21175,820
21177,820
21182,820
21184,820
21187,820
21204,19
21205,19
21207,19
21212,19
21217,19
21220,19
21221,19
21302,801
21303,801
21304,801
21306,801
21309,801
21319,1176
21324,1176
21326,1176
21327,1176
21328,1176
21330,1176
21332,1176
21333,1176
21548,271
21552,271
21557,271
21558,271
21559,271
21561,271
21562,271
21563,271
21816,111
21820,111
21821,111
21824,111
21825,111
21826,111
21854,1062
21855,1062
21856,1062
21859,1062
21860,1062
21863,1062
21869,901
21871,901
21872,901
21875,1321
21876,901
21883,1321
21884,901
21885,901
21886,901
21888,901
21889,1321
21933,65
21941,65
21943,65
21944,65
21945,65
21946,65
21951,65
21954,65
21955,65
21956,65
22109,101
22113,101
22116,101
22117,101
22118,101
22119,101
22124,101
22128,101
22129,101
22130,101
22491,1160
22492,1160
22493,1160
22498,1160
22499,1160
22501,1160
22502,1160
22537,990
22548,990
22549,990
22552,990
22553,990
22554,990
22555,990
22556,990
22558,990
22712,550
22717,550
22718,550
22719,550
22720,550
22722,550
22723,550
22743,1179
22744,1179
22747,1179
22748,1179
22749,1179
22750,1179
22840,817
22844,817
22847,817
22848,817
22907,1166
22913,1166
22914,1166
22916,1166
22917,1166
22919,1166
22920,1166
22952,46
22959,46
22960,46
22961,46
22962,46
22965,46
22966,46
22967,46
22973,448
22974,448
22977,448
22978,448
22980,448
23046,803
23050,803
23051,803
23053,803
23326,728
23330,728
23331,728
23335,728
23336,728
23337,728
23338,728
23425,691
23426,691
23431,691
23432,691
23434,691
23483,728
23485,728
23486,728
23489,728
23567,874
23570,874
23572,874
23573,874
23574,874
23577,874
23578,874
23945,1105
23947,1105
23948,1105
23949,1105
23951,1105
23952,1105
23955,1105
24023,1185
24025,1185
24026,1185
24029,1185
24030,1185
24031,1185
24119,709
24122,709
24125,709
24127,709
24130,709
24131,709
24136,709
24138,709
24139,709
24174,217
24175,217
24331,1014
24332,1014
24334,1014
24335,1014
24367,855
24368,855
24370,855
24371,855
24374,855
24375,855
24376,855
24378,855
24379,855
24381,855
24385,855
24405,790
24439,790
24440,790
24441,790
24445,790
24447,790
24514,308
24515,308
24516,308
24517,308
24520,308
24522,308
24539,258
24547,258
24548,258
24551,258
24555,258
24638,1083
24641,1083
24642,1083
24643,1083
24645,1083
24649,1083
24651,1083
24652,1083
24655,1083
24658,1083
24659,1083
24660,1083
24679,1247
24680,1247
24681,1247
24685,1247
24686,1247
24687,1247
24735,496
24736,496
24744,496
24745,496
24867,360
24868,360
24869,360
24870,360
24872,360
24873,360
24875,360
24881,360
24940,55
24946,55
24947,55
24948,55
24950,770
24952,770
24954,55
24955,55
24956,55
24969,55
24970,55
24971,55
24972,770
25037,59
25066,59
25067,59
25070,59
25071,59
25072,59
25073,59
25076,59
25240,1139
25241,1139
25242,1139
25243,1139
25244,1139
25245,1139
25246,1139
25250,1139
25251,1139
25318,36
25321,36
25324,36
25325,36
25326,36
25327,36
25330,36
25332,36
25338,36
25339,36
25351,36
25352,36
25353,36
25354,36
25422,1125
25423,1125
25428,1125
25431,1125
25432,1125
25433,1125
25434,1125
25436,1125
25521,59
25522,59
25528,59
25529,59
25621,661
25624,661
25625,661
25631,661
25634,661
25635,661
25637,661
25674,756
25685,756
25687,756
25688,756
25689,756
25690,756
25691,756
25694,756
25844,1086
25847,1086
25849,1086
25850,1086
25851,1086
25852,1086
25917,975
25920,975
25921,975
25922,975
25923,975
25924,975
25939,1138
25941,1138
25942,1138
25943,1138
25946,1138
25947,1138
25948,1138
26122,873
26157,873
26163,873
26166,873
26169,873
26170,873
26172,873
26174,873
26491,1187
26494,1187
26495,1187
26496,1187
26499,1187
26500,1187
26501,1187
26527,848
26528,848
26530,848
26531,848
26532,848
26534,848
26536,848
26537,848
26559,69
26568,69
26571,69
26572,69
26576,69
26577,69
26688,1224
26712,1224
26714,1224
26715,1224
26719,1224
26721,1224
26723,1224
26724,1224
26741,1224
26832,595
26833,595
26834,595
26835,595
26836,595
26837,595
26840,595
26841,595
26845,595
26846,595
26906,1043
26914,1043
26916,1043
26917,1043
26918,1043
26919,1043
26942,197
26943,197
26946,239
26948,239
26950,197
26951,197
26952,197
26954,239
26956,239
26971,451
26972,451
26975,451
26976,451
26978,451
26981,451
26982,451
26983,451
26984,451
27194,1205
27207,1205
27208,1205
27209,1205
27210,1205
27213,1205
27214,1205
27215,1205
27216,1205
27217,1205
27218,1205
27219,1205
27220,1205
27254,142
27263,142
27264,142
27265,142
27267,142
27271,142
27272,142
27281,557
27282,557
27284,557
27285,557
27444,691
27445,691
27446,691
27447,691
27448,691
27451,691
27452,691
27552,557
27554,557
27555,557
27556,557
27559,557
27580,153
27592,153
27593,153
27597,153
27598,153
27599,153
27601,153
27604,153
27762,34
27765,34
27766,34
27769,34
27770,34
27771,34
27772,34
27775,34
27821,830
27823,830
27824,830
27827,830
27828,830
27829,830
27915,1324
27940,1324
27941,1324
27942,1324
27945,1324
28050,182
28056,182
28057,182
28058,182
28059,182
28074,686
28107,686
28108,686
28111,686
28112,686
28113,686
28114,686
28118,686
28121,686
28123,686
28125,686
28187,1015
28201,1015
28202,1015
28203,1015
28204,1015
28205,1015
28210,1015
28211,1015
28248,493
28260,493
28261,493
28265,493
28266,493
28267,493
28375,556
28376,556
28377,556
28378,556
28381,556
28382,556
28383,556
28385,556
28423,953
28424,953
28425,953
28428,953
28429,953
28433,953
28435,953
28436,953
28438,417
28441,417
28443,417
28444,417
28450,417
28452,417
28453,417
28454,417
28647,1210
28648,1210
28649,1210
28652,1210
28653,1210
28655,1210
28656,1210
28657,1210
28658,1210
28810,740
28811,817
28813,817
28816,817
28817,817
28818,817
28820,740
28821,740
28823,740
28827,740
28875,310
28876,310
28879,310
28880,310
28881,310
28885,310
28886,310
29007,153
29008,153
29011,153
29064,479
29066,479
29068,479
29069,479
29070,479
29071,479
29074,479
29171,189
29275,1222
29278,1222
29279,1222
29280,1222
29283,1222
29284,1222
29388,638
29561,1239
29562,1239
29563,1239
29566,1239
29567,1239
29616,1025
29617,1025
29618,1025
29619,1025
29628,1100
29631,1100
29633,1100
29634,1100
29635,1100
29636,1100
29647,1100
29648,1100
29649,1100
29650,1100
29653,1100
29654,1100
29655,1100
29660,1100
29661,1100
29718,189
29719,189
29722,189
29723,189
29724,189
29725,189
29866,189
29867,189
29868,189
29872,189
29873,189
29897,779
29899,779
29900,779
29901,779
29962,388
29963,388
29964,388
29967,388
30051,1239
30053,1239
30054,1239
30055,1239
30056,1239
30060,1239
30152,410
30153,361
30154,361
30155,410
30156,410
30158,410
30160,361
30166,361
30168,410
30169,361
30171,361
30172,361
30173,361
30175,361
30177,361
30227,753
30233,753
30234,753
30235,753
30237,753
30238,753
30240,753
30241,753
30242,753
30277,666
30278,666
30281,666
30283,666
30285,666
30289,666
30300,286
30301,286
30302,286
30304,286
30467,779
30468,779
30469,779
30472,779
30473,779
30474,779
30475,779
30477,779
30478,779
30522,1222
30525,1222
30526,1222
30527,1222
30528,1222
30674,410
30676,410
30677,410
30678,410
30679,410
30682,410
30830,853
30831,853
30832,853
30833,853
30834,853
30840,853
30841,853
30842,853
30870,660
30873,660
30875,660
30878,660
30879,660
30881,660
31177,1284
31179,1284
31181,1284
31182,1284
31186,1284
31216,486
31218,486
31219,486
31220,486
31223,486
31232,848
31233,848
31234,848
31238,848
31239,848
31315,1324
31316,1324
31320,1324
31321,1324
31322,1324
31324,1324
31641,385
31649,385
31651,385
31652,385
31654,385
31655,385
31656,385
31659,385
31775,1011
31776,1011
31778,1011
31782,1011
31896,129
31897,129
31898,129
31899,129
31900,129
31901,129
31904,129
31906,129
31909,129
32046,889
32047,889
32048,889
32049,889
32052,889
32200,252
32204,252
32205,252
32208,252
32209,252
32210,252
32211,252
32213,252
32214,252
32246,111
32248,111
32249,111
32250,111
32252,1264
32253,1264
32255,1264
32258,111
32259,111
32263,111
32298,978
32300,978
32302,978
32303,978
32304,978
32305,978
32306,978
32309,978
32312,978
32373,311
32377,311
32380,311
32381,311
32382,311
32388,311
32389,311
32393,311
32395,311
32397,311
32448,326
32449,326
32450,326
32453,326
32454,326
32455,326
32456,326
32458,326
32535,1138
32539,1138
32543,1138
32545,1138
32547,1138
32598,504
32604,504
32605,504
32606,504
32607,504
32608,504
32609,504
32613,504
32616,504
32658,770
32659,770
32662,770
32664,770
32673,770
32692,1333
32693,1333
32696,1333
32697,1333
32698,1333
32699,1333
32701,1333
32752,326
32754,326
32755,326
32758,326
32759,326
32822,1195
32826,1195
32827,1195
32828,1195
32829,1195
32869,591
32879,591
32881,591
32882,591
32883,591
32999,107
33000,107
33001,107
33002,107
33005,107
33266,186
33273,186
33284,186
33402,561
33403,561
33404,561
33405,561
33409,561
33410,561
33451,239
33454,239
33455,239
33456,239
33457,239
33459,239
33462,239
33463,239
33609,1195
33610,1195
33612,1195
33613,1195
33638,223
33639,223
33640,223
33641,223
33642,223
33645,223
33646,223
33647,223
33848,1130
33851,1130
33857,1130
33858,1130
33880,331
33881,331
33884,331
34118,493
34125,493
34127,493
34128,493
34129,493
34134,493
34136,493
34137,493
34352,203
34355,203
34356,203
34357,203
34358,203
34558,803
34575,803
34578,803
34579,803
34580,803
34581,803
34584,803
34585,803
34685,594
34686,1004
34688,1004
34689,1004
34690,1004
34691,1004
34698,943
34699,943
34703,943
34704,943
34705,943
34708,943
34709,943
34732,594
34736,594
34737,594
34739,594
34741,594
34742,594
34743,594
34746,594
34822,1018
34823,1018
34824,1018
34827,1018
34828,1018
34829,1018
34830,1018
34832,1018
34833,1018
34834,1018
34835,1018
34839,1018
35292,947
35293,947
35297,947
35301,947
35305,947
35306,947
35307,947
35309,947
35312,947
35313,947
35338,1198
35341,1198
35342,1198
35343,1198
35344,1198
35346,1198
35506,743
35509,743
35511,743
35514,743
35515,743
35516,743
35517,743
35519,743
35520,743
35523,743
35554,1008
35555,1008
35558,1008
35559,1008
35560,1008
35568,500
35569,500
35570,500
35571,500
35678,222
35681,222
35761,905
35762,905
35763,905
35768,905
35769,905
36139,146
36140,146
36141,146
36142,146
36146,146
36228,157
36231,157
36233,157
36235,157
36236,157
36239,157
36336,975
36337,975
36339,975
36342,975
36344,975
36399,987
36400,987
36401,987
36403,987
36603,1066
36604,1066
36607,1066
36608,1066
36610,1066
36611,1066
36743,1119
36744,1119
36745,1119
36746,1119
36749,1119
36750,1119
36929,1066
36930,1066
36931,1066
36934,1066
36936,1066
36937,1066
36938,1066
36939,1066
36940,1066
36945,1066
36946,1066
37003,203
37004,203
37005,203
37006,203
37061,561
37063,561
37064,561
37065,561
37066,561
37302,385
37305,385
37308,385
37309,385
37310,385
37356,1008
37364,1008
37365,1008
37367,1008
37370,1008
37371,1008
37372,1008
37373,1008
37395,1021
37418,1021
37419,1021
37421,1021
37425,1021
37427,1021
37431,1021
37432,1021
37464,146
37470,146
37471,146
37472,146
37473,146
37476,146
37477,146
37575,222
37581,222
37582,222
37583,222
37586,222
37587,222
37588,222
37589,222
37590,222
37773,615
37784,615
37786,615
37787,615
37788,615
37789,615
37792,615
37794,615
37795,615
37829,1021
37830,1021
37831,1021
37832,1021
37879,195
37883,195
37884,195
37885,195
37886,195
37891,195
37892,195
37893,195
37909,157
37910,157
37911,157
37912,157
37913,157
37916,157
37917,157
38042,753
38045,753
38046,753
38047,753
38048,753
38176,544
38178,544
38180,544
38181,544
38182,544
38183,544
38186,544
38283,1269
38284,1269
38285,1269
38286,1269
38288,1269
38289,1269
38292,1269
38329,79
38336,79
38337,79
38341,79
38342,79
38345,79
38482,584
38525,584
38530,584
38531,584
38532,584
38533,584
38534,584
38536,584
38541,584
38542,584
38544,584
38585,1189
38586,1189
38588,1189
38592,1189
38594,1189
38828,1189
38841,1189
38842,1189
38843,1189
38844,1189
38849,1189
38871,920
38872,920
38873,920
38878,920
38982,908
38991,908
38994,908
38997,908
39000,908
39001,908
39002,908
39003,908
39004,908
39005,908
39006,908
39067,1018
39068,1018
39069,1018
39073,1018
39199,360
39200,360
39201,360
39202,360
39285,790
39286,790
39287,790
39288,790
39291,790
39333,1187
39336,1187
39337,1187
39339,1187
39377,554
39378,554
39379,554
39381,554
39384,554
39385,554
39386,346
39387,346
39388,346
39389,346
39392,346
39424,894
39425,894
39426,894
39427,894
39430,894
39431,894
39432,894
39454,61
39456,61
39457,61
39458,61
39459,61
39460,61
39461,61
39465,61
39604,320
39624,320
39625,320
39626,320
39627,320
39630,320
39631,320
39635,320
39984,754
39992,754
39994,754
39996,754
40114,495
40115,495
40118,495
40119,495
40120,495
40121,495
40124,495
40126,495
40130,495
40169,665
40171,1310
40174,665
40175,1310
40177,665
40178,1310
40183,452
40226,452
40229,452
40230,1310
40231,1310
40233,452
40234,1310
40235,1310
40308,1019
40313,1019
40315,1019
40316,1019
40317,1019
40320,1019
40321,1019
40464,770
40471,770
40476,770
40527,784
40528,784
40529,784
40530,784
40560,558
40649,462
40650,462
40653,462
40654,462
40655,462
40656,462
40802,417
40803,417
40807,417
40809,417
40810,417
40816,141
40834,141
40835,141
40838,141
40841,141
40842,141
40843,141
40845,141
40846,141
40847,141
41008,1173
41028,1173
41029,1173
41030,1173
41031,1173
41032,1173
41033,1173
41035,1173
41036,1173
41037,1173
41256,394
41262,394
41263,394
41264,394
41267,394
41447,1264
41448,1264
41451,1264
41452,1264
41453,1264
41454,1264
41456,1264
41457,1264
41480,26
41487,26
41506,117
41507,117
41509,117
41510,117
41514,117
41643,160
41644,160
41645,160
41649,160
41650,160
41653,160
41654,160
41658,160
41659,160
41811,1278
41812,1278
41813,1278
41814,1278
42242,364
42245,364
42246,364
42247,364
42248,364
42252,364
42253,364
42255,364
42407,1210
42419,236
42424,236
42425,236
42429,236
42433,236
42434,236
42501,905
42504,905
42542,76
42543,76
42544,76
42545,76
42649,310
42651,310
42652,310
42655,310
42656,310
42657,310
42658,310
42660,310
42664,394
42665,394
42666,394
42669,394
42670,394
42831,1200
42835,1200
42836,1200
42838,1200
42840,1200
42841,1200
42842,1200
42843,1200
42983,1082
42987,1082
42990,1082
42992,1082
42993,1082
42994,1082
43056,452
43057,452
43058,452
43059,452
43060,452
43063,452
43064,452
43079,1086
43081,1086
43082,1086
43090,1086
43166,868
43178,868
43179,868
43218,797
43219,797
43220,797
43221,797
43224,797
43225,797
43226,797
43335,405
43340,405
43341,405
43342,405
43346,405
43348,405
43349,405
43443,168
43444,168
43447,168
43448,168
43449,168
43452,364
43460,168
43461,168
43519,648
43523,648
43528,648
43529,648
43531,648
43533,648
43534,648
43535,648
43536,648
43537,648
43538,648
43542,648
43552,1306
43553,1306
43556,1306
43557,1306
43558,1306
43559,1306
43561,1306
43678,1060
43679,1060
43681,1060
43682,1060
43685,1060
43686,1060
43687,1060
43689,1060
43799,1082
43802,1082
43803,1082
43806,1082
43807,1082
43808,405
43809,405
43811,405
43814,405
43828,461
43829,461
43830,461
43831,461
43833,461
43836,461
43837,461
43900,1106
43901,1106
43902,1106
43903,1106
43907,1106
43908,1106
43911,1106
43946,461
43948,461
43949,461
43950,461
43986,863
43987,863
43992,863
43994,863
43995,863
43996,863
44018,1060
44019,1060
44020,1060
44021,1060
44024,1060
44080,763
44081,763
44082,763
44085,763
44086,763
44087,763
44090,763
44091,763
44176,382
44177,382
44180,382
44182,382
44183,374
44186,374
44187,374
44188,374
44189,374
44213,801
44222,801
44224,801
44225,801
44226,801
44273,452
44274,452
44275,1310
44276,1310
44277,1310
44278,452
44281,452
44320,1333
44321,1333
44324,1333
44325,1333
44327,1333
44328,1333
44329,1333
44334,908
44335,908
44339,258
44340,908
44347,908
44349,908
44350,908
44351,258
44394,234
44396,234
44397,234
44398,234
44402,234
44469,1321
44473,1321
44476,1321
44478,1321
44550,1306
44551,1306
44552,1306
44553,1306
44556,544
44560,544
44562,544
44563,544
44564,544
44567,544
44569,544
44570,544
44571,544
44572,544
44598,660
44602,660
44604,660
44605,660
44608,660
44610,660
44618,1259
44624,1259
44625,1259
44628,1259
44631,1259
44632,1259
44633,1259
44677,1002
44680,1002
44681,1002
44682,1002
44686,1002
44687,1002
44690,1002
44691,1002
44732,1106
44733,1106
44734,1106
44737,1106
44738,1106
44739,1106
44740,1106
44789,960
44790,960
44791,960
44792,960
44795,960
44796,960
44896,766
44899,766
44900,766
44901,766
44902,766
44949,899
44950,899
44951,899
44954,899
44955,899
44956,899
45097,899
45100,899
45101,899
45102,899
45104,899
45108,1083
45111,1083
45112,1083
45113,1083
45114,1083
45117,1083
45186,451
45193,451
45194,451
45196,451
45199,451
45220,544
45221,544
45222,544
45223,544
45252,1249
45262,1249
45265,1249
45268,1249
45269,1249
45270,1249
45271,1249
45272,1249
45273,1249
45362,1278
45363,1278
45366,1278
45367,1278
45368,1278
45369,1278
45412,7
45413,7
45414,7
45415,7
45421,1269
45423,1269
45424,1269
45425,1269
45432,896
45433,896
45434,896
45435,896
45437,896
45440,896
45441,896
45448,947
45449,947
45468,550
45469,550
45470,550
45471,550
45525,1106
45526,1106
45527,1106
45529,1106
45739,820
45758,211
45759,211
45762,211
45764,211
45765,211
45766,211
45767,211
45819,768
45820,768
45821,768
45822,768
45826,768
45864,703
45865,703
45869,703
45870,703
45872,703
45873,703
45993,382
45996,382
45997,382
45998,382
45999,382
46001,382
46165,801
46166,801
46167,801
46170,801
46260,925
46266,925
46269,925
46270,925
46271,925
46272,925
46275,925
46276,925
46310,173
46314,173
46315,173
46316,173
46319,173
46327,87
46330,87
46332,87
46336,87
46339,173
46368,173
46370,173
46371,173
46374,173
46375,173
46428,87
46430,87
46431,87
46432,87
46433,87
46435,87
46436,87
46489,790
46491,790
46492,790
46495,790
46496,790
46497,790
46587,920
46588,920
46589,920
46592,920
46594,920
46595,920
46596,920
46606,894
46609,894
46610,894
46611,894
46658,1043
46659,1043
46660,1043
46661,1043
46712,684
46731,684
46733,684
46734,684
46735,684
46737,684
46740,684
46741,684
46752,591
46753,591
46759,591
46761,591
46956,763
46957,763
46960,763
46961,763
46962,763
46963,763
47028,1309
47029,1309
47030,1309
47031,1309
47034,1309
47038,1309
47041,1309
47042,1309
47043,1309
47075,613
47079,613
47081,613
47082,613
47083,613
47136,695
47137,695
47139,695
47140,695
47271,1119
47272,1119
47277,1119
47278,1119
47279,1119
47332,388
47333,388
47336,388
47337,388
47381,814
47382,814
47383,814
47384,814
47387,814
47440,222
47441,222
47442,222
47460,840
47461,840
47462,840
47463,840
47466,840
47467,840
47468,840
47479,638
47480,638
47481,638
47484,638
47492,779
47495,779
47496,779
47497,779
47501,779
47640,107
47643,107
47644,107
47645,107
47646,107
47649,107
47650,107
47651,107
47652,107
47723,845
47724,845
47803,164
47804,164
47806,164
47810,164
47846,814
47847,814
47849,814
48074,970
48075,970
48076,970
48105,460
48108,460
48111,460
48115,460
48122,460
48273,26
48274,26
48278,26
48279,26
48298,209
48301,209
48302,209
48303,209
48371,78
48375,78
48376,78
48377,78
48378,78
48509,1134
48512,1134
48513,1134
48514,1134
48515,1134
48517,1134
48518,1134
48521,1134
48566,990
48567,990
48571,990
48573,990
48733,163
48797,891
48798,891
48800,891
48805,891
48809,891
48810,891
48814,891
48816,891
48824,891
48827,891
48890,953
48891,953
48892,953
48893,953
48896,953
48897,953
48995,638
48997,638
48998,638
49002,638
49003,638
49005,638
49089,217
49093,217
49127,511
49129,511
49131,511
49132,511
49133,511
49134,511
49136,511
49139,511
49173,186
49178,186
49179,186
49181,186
49187,186
49244,1286
49246,1286
49247,1286
49248,1286
49249,1286
49250,1286
49251,1286
49254,1286
49375,638
49380,638
49430,451
49433,451
49478,1176
49479,1176
49480,1176
49483,1176
49485,1176
49486,1176
49487,1176
49595,1013
49597,1013
49598,1013
49599,1013
49600,1013
49603,1013
49604,1013
49653,485
49654,485
49655,485
49656,485
49659,485
49660,485
49692,168
49782,209
49783,209
49784,209
49785,209
49888,1034
49889,1034
49890,1034
49931,331
49933,331
49936,331
49937,331
49938,331
49939,331
49941,331
50035,1259
50053,1259
50054,1259
50055,1259
50061,1259
50062,1259
50065,1259
50066,1259
50263,1312
50266,1312
50269,1312
50270,1312
50271,1312
50272,1312
50419,905
50466,1310
50467,1310
50469,1310
50471,1310
50528,879
50529,879
50534,879
50535,879
50536,879
50537,879
50546,879
50549,879
50550,879
50551,879
50552,879
50555,879
50703,271
50704,271
50705,271
50708,271
50834,1034
50837,1034
50838,1034
50840,1034
50841,1034
50842,1034
50843,1034
50844,1034
50845,1034
50846,1197
50849,1197
50850,1197
50851,1197
50852,1197
50853,1197
50854,1197
50857,1197
50858,1197
50956,1160
50957,1160
50958,1160
50961,1160
50964,1160
51054,263
51057,263
51058,263
51060,263
51061,263
51068,263
51077,263
51177,7
51179,1312
51181,7
51182,7
51185,7
51197,7
51198,7
51201,7
51202,7
51203,7
51204,7
51272,195
51287,195
51290,195
51291,195
51292,195
51293,195
51300,209
51302,209
51303,209
51304,209
51312,467
51315,467
51316,467
51317,467
51345,814
51346,814
51347,814
51348,814
51349,814
51352,814
51353,814
51357,814
51358,814
51360,814
51503,740
51504,740
51505,740
51507,740
51514,740
51515,740
51516,740
51614,1196
51615,1196
51617,1196
51621,1196
51622,1196
51628,1196
51630,1196
51665,1196
51687,211
51688,160
51690,211
51692,211
51696,211
51702,970
51703,970
51704,970
51707,970
51708,970
51710,970
51711,970
51712,970
51713,970
51728,186
51731,186
51732,186
51733,186
51734,186
51737,186
51738,186
51787,1008
51803,1008
51806,1008
51807,1008
51808,1008
51810,1008
51916,663
51917,663
51918,663
51919,663
51920,663
51924,663
51925,663
52046,1198
52047,1198
52048,1198
52051,1198
52103,83
52104,83
52105,83
52107,83
52137,1132
52143,1132
52144,1132
52147,1132
52149,1132
52150,1132
52168,94
52170,94
52171,94
52172,94
52174,94
52176,94
52177,94
52178,94
52380,394
52550,1012
52551,1012
52552,1012
52554,1012
52555,1012
52558,1012
52559,1012
52560,1012
52565,1012
52566,1012
52570,1050
52576,1050
52580,1050
52581,1050
52583,1050
52584,1050
52588,1050
52589,1050
52602,346
52603,346
52606,346
52607,346
52608,346
52609,346
53038,675
53039,675
53040,675
53041,675
53046,314
53064,314
53067,314
53068,314
53069,314
53070,314
53073,314
53155,69
53157,78
53158,78
53159,78
53160,69
53178,500
53179,500
53180,500
53181,500
53196,1105
53200,1105
53201,1105
53202,1105
53203,1105
53207,394
53210,394
53211,394
53212,394
53213,394
53215,394
53216,394
53258,50
53260,1008
53263,1008
53264,1008
53265,1008
53266,1008
53269,50
53270,50
53272,50
53273,50
53276,50
53277,50
53278,50
53279,50
53401,308
53402,308
53406,308
53407,308
53409,308
53413,197
53420,197
53423,197
53427,484
53430,484
53431,484
53432,484
53433,484
53611,1001
53620,1001
53621,1001
53622,1001
53623,451
53640,1141
53643,1141
53644,1141
53645,1141
53646,1141
53664,168
53667,168
53669,168
53673,168
53675,168
53697,1333
53698,1333
53700,1333
53708,1333
53709,1333
53733,820
53736,820
53737,820
53738,820
53744,820
53899,308
53902,308
53903,308
53904,308
53905,308
53908,308
53909,308
54004,484
54006,484
54014,484
54117,1086
54118,1086
54119,1086
54120,1086
54124,1086
54139,164
54141,820
54143,891
54144,891
54146,891
54364,186
54366,186
54367,186
54368,186
54419,1130
54426,1130
54427,1130
54428,1130
54430,1130
54433,1130
54548,806
54554,806
54556,806
54557,806
54558,806
54559,806
54560,806
54561,806
54564,806
54565,806
54566,806
54955,1312
54956,1312
54962,1312
54964,1312
54966,1312
54995,905
54998,905
54999,905
55000,905
55001,905
55003,905
55069,554
55070,554
55071,554
55072,554
55076,554
55145,26
55152,26
55153,26
55154,26
55157,26
55169,234
55177,234
55178,234
55179,234
55183,234
55184,234
55332,841
55337,841
55340,841
55341,841
55342,841
55343,841
55344,841
55347,841
55348,841
55356,777
55363,777
55366,777
55367,777
55368,777
55369,777
55371,777
55372,777
55373,777
55374,777
55533,767
55535,767
55536,767
55538,767
55539,767
55658,838
55659,838
55660,838
55662,948
55663,948
55668,838
55670,894
55673,894
55674,894
55675,894
55676,894
55840,1253
55841,1253
55842,1253
55843,1253
55845,1253
55847,1253
55854,453
55856,453
55857,453
55858,453
55859,453
55862,453
55863,453
56029,173
56030,173
56031,173
56036,173
56082,754
56083,754
56084,754
56085,754
56087,754
56088,754
56089,754
56091,754
56114,1247
56117,1247
56118,1247
56119,1247
56307,838
56308,838
56311,838
56312,838
56313,838
56314,838
56315,838
56316,838
56317,838
56552,512
56556,512
56558,512
56560,512
56566,512
56579,512
56701,182
56771,182
56772,182
56773,182
56781,905
56782,905
56783,905
56784,905
56787,905
56788,1132
56795,1132
56797,1132
56798,1132
56800,1001
56811,1001
56813,1001
56816,1001
56819,1001
56828,1001
57035,1209
57037,960
57042,960
57045,960
57046,960
57047,960
57048,960
57049,960
57050,960
57051,960
57059,1209
57060,1209
57061,1209
57064,1209
57066,1209
57067,1209
57068,1209
57131,1284
57132,1284
57134,1284
57135,1284
57137,1284
57139,1284
57140,1284
57235,236
57236,236
57239,236
57240,236
57241,236
57242,236
57260,162
57261,162
57264,162
57265,162
57266,162
57267,162
57269,162
57271,162
57283,451
57298,808
57300,808
57303,808
57305,808
57306,808
57307,808
57310,808
57312,808
57313,808
57368,314
57370,314
57371,314
57374,314
57436,185
57437,185
57438,185
57439,185
57440,185
57443,185
57444,185
57445,185
57612,59
57615,59
57616,59
57618,59
57619,59
57638,59
57642,59
57653,59
57655,59
57657,59
57658,59
57659,59
57664,59
57666,59
57705,868
57707,868
57709,868
57712,868
57728,557
57730,557
57742,781
57744,768
57745,768
57746,768
57749,768
57750,768
57751,781
57752,781
57755,781
57756,781
57791,1210
57805,1205
57837,808
57849,808
57873,781
57875,781
57876,781
57877,781
57880,781
57882,781
57935,94
57939,94
57943,94
57947,94
58591,273
58592,273
58593,273
58594,273
58595,273
58598,273
58599,273
58600,273
58620,768
58624,768
58625,768
58626,768
58629,1283
58676,908
58678,908
58679,908
58683,908
58686,908
58687,908
58706,752
58707,752
58721,1283
58722,1283
58725,1283
58726,1283
58727,1283
58729,1283
58730,1283
58731,845
58732,845
58733,845
58735,845
58736,845
58739,845
58740,845
58768,117
58769,117
58772,117
58773,117
58774,117
58833,79
58834,79
58908,496
58909,496
58910,496
58911,496
58914,496
58915,496
58945,768
58947,768
58948,768
58949,768
58950,768
58953,768
59072,78
59147,323
59148,323
59151,323
59153,323
59155,323
59203,388
59206,388
59209,388
59210,388
59211,388
59212,388
59215,388
59216,388
59218,388
59219,388
59316,763
59319,763
59353,211
59354,160
59355,211
59479,486
59496,486
59497,486
59502,486
59503,486
59504,486
59505,486
59506,486
59547,1166
59548,1166
59549,1166
59550,1166
59553,1166
59554,1166
59555,1166
59666,486
59668,486
59669,486
59673,486
59783,173
59791,173
59794,173
59795,173
59796,173
59797,173
59839,830
59842,830
59843,830
59845,830
59846,830
60072,162
60073,162
60074,162
60701,1141
60702,1141
60703,1141
60704,1141
60709,1141
60767,372
60851,1283
60854,1283
60855,1283
60856,1283
60857,1283
60859,1283
60860,1283
60887,342
60911,342
60912,342
60913,342
60914,342
60915,342
60968,342
60969,342
60970,342
60972,342
61031,1033
61057,1033
61058,1033
61060,1033
61062,1033
61063,1033
61067,1033
61070,1033
61134,91
61135,91
61136,91
61139,91
61140,91
61233,479
61237,479
61241,479
61696,364
61697,364
61700,364
61701,364
61702,364
61804,312
61805,312
61807,312
61808,312
61809,312
61812,312
61813,312
61814,312
61817,312
61818,312
61819,312
61965,263
61966,263
61969,263
61970,263
61971,263
61972,263
62086,879
62087,879
62088,879
62098,1090
62100,1090
62101,1090
62104,1090
62105,1090
62106,1090
62107,1090
62109,1090
62110,1090
62111,1090
62113,1090
62152,726
62158,726
62159,726
62160,726
62163,726
62166,726
62169,726
62170,726
62171,726
62172,726
62175,726
62246,702
62249,702
62250,702
62251,702
62253,702
62254,702
62256,702
62257,702
62258,702
62445,1130
62447,1130
62448,1130
62452,1130
62479,507
62499,507
62500,507
62501,507
62502,507
62504,507
62507,507
62508,507
62510,507
62569,26
62570,26
62573,26
62575,26
62576,26
62577,26
62614,1033
62615,977
62617,1033
62618,1033
62730,558
62781,863
62784,863
62785,863
62790,863
62791,863
62794,863
62796,863
62797,863
62819,554
62821,554
62823,554
63119,155
63120,155
63122,155
63123,155
63126,155
63219,930
63225,930
63226,930
63227,930
63230,930
63231,930
63236,930
63279,1030
63280,1030
63281,1030
63282,1030
63283,1030
63284,1030
63285,1030
63288,1030
63289,1030
63292,1030
63325,297
63326,297
63327,297
63329,297
63330,297
63333,297
63334,297
63336,297
63337,297
63360,1105
63363,1105
63364,1105
63369,1105
63370,1105
63374,1105
63381,848
63555,556
63557,556
63560,556
63561,556
63562,556
63588,752
63589,752
63590,752
63591,752
63594,752
63595,752
63596,752
63599,189
63600,189
63603,1222
63604,1222
63628,1107
63629,1107
63637,1107
63662,889
63664,889
63667,889
63668,889
63669,889
63670,889
63673,889
63676,889
63677,889
63678,889
63679,889
63688,661
63689,661
63690,661
63693,661
63694,661
63769,204
63788,204
63789,204
63790,204
63791,204
63792,204
63795,204
63802,204
63803,204
63804,204
64049,629
64056,629
64057,629
64058,629
64059,629
64060,629
64061,629
64065,629
64068,629
64086,987
64087,987
64089,987
64091,987
64092,987
64095,987
64096,987
64201,526
64210,526
64211,526
64212,526
64213,526
64215,526
64216,526
64217,526
64222,526
64262,345
64263,345
64264,345
64265,345
64266,345
64269,345
64270,345
64281,16
64287,16
64290,16
64293,16
64294,16
64296,16
64298,16
64299,16
64300,16
64304,926
64305,926
64306,926
64307,926
64308,926
64309,926
64310,926
64313,926
65014,868
65020,1130
65022,182
65034,320
65097,83
65148,845
65180,1197
65183,252
65230,1195
65234,666
65244,1134
65251,1043
65282,7
65293,185
65294,461
65300,948
65328,663
65362,323
65364,609
65365,1269
65377,282
65379,372
65382,905
65394,286
65412,1025
65415,967
65432,948
65433,991
65434,487
65442,20
65449,373
65454,1258
65458,840
65465,695
65468,83
65471,163
65479,433
65480,202
65484,943
65488,613
65489,613
65491,27
65494,500
65499,23
65503,76
65504,76
65506,807
65507,807
65520,1263
65522,294
65526,653
65531,83
65535,977
65539,1308
65552,462
65556,236
65590,197
65601,1179
65627,91
65634,330
65635,797
65641,1111
65648,531
65650,374
65654,814
65656,448
65665,1107
65667,1107
65682,210
65689,820
65694,801
65721,65
65731,101
65752,550
65757,817
65759,1166
65761,46
65782,874
65797,1105
65798,1105
65800,1185
65802,709
65820,1247
65821,496
65824,55
65840,1139
65847,1125
65854,756
65862,1086
65864,975
65870,873
65881,595
65884,451
65890,1205
65891,1205
65892,142
65909,493
65925,153
65926,479
65938,1239
65939,1025
65940,1100
65942,189
65945,388
65950,361
65962,1222
65966,410
65983,1324
65992,385
66002,129
66010,111
66013,978
66016,311
66017,326
66020,1138
66024,504
66034,1195
66091,203
66108,1198
66116,222
66149,561
66156,1008
66165,753
66186,1189
66192,1189
66193,920
66224,61
66246,495
66248,1310
66249,665
66270,117
66281,364
66291,1062
66296,1200
66298,452
66304,168
66306,648
66307,1306
66313,405
66316,461
66324,1310
66325,258
66332,544
66335,1002
66339,766
66341,899
66351,1249
66354,1278
66355,896
66369,382
66375,87
66384,1309
66392,388
66393,779
66397,107
66407,970
66411,78
66416,1134
66422,511
66423,1286
66424,1286
66429,451
66432,1176
66433,485
66440,1259
66449,879
66458,271
66461,1197
66468,1312
66473,814
66478,1196
66502,1132
66510,346
66528,78
66531,50
66532,50
66537,197
66538,484
66542,1141
66561,905
66562,905
66577,767
66580,1253
66598,59
66606,94
66607,94
66650,768
66661,323
66672,486
66673,1166
66708,1283
66709,342
66731,312
66739,263
66740,1090
66742,726
66743,726
66752,507
66756,977
66779,930
66781,1030
66784,297
66785,297
66788,848
66795,752
66798,889
66799,889
66801,661
66804,204
66815,629
66818,526
66819,345
66820,16
66821,926
66822,926
67003,204
67008,629
67009,987
67010,987
67012,526
67013,345
67014,926
67046,26
67048,977
67053,863
67066,930
67067,1030
67087,648
67092,461
67106,660
67108,766
67113,1278
67114,896
67118,211
67121,382
67125,925
67129,684
67130,1309
67136,779
67137,107
67142,460
67146,78
67149,1134
67153,891
67157,511
67159,186
67162,1286
67170,1013
67173,485
67190,7
67192,1312
67195,814
67201,740
67205,1008
67207,663
67214,1012
67226,394
67229,484
67234,484
67250,554
67252,234
67253,26
67256,841
67262,453
67265,173
67275,512
67282,960
67286,236
67295,808
67310,273
67313,845
67326,173
67329,162
67346,868
67352,320
67372,83
67394,845
67426,1195
67434,1134
67438,1043
67453,7
67464,185
67465,461
67470,948
67483,663
67487,241
67501,323
67502,609
67512,372
67527,1011
67535,967
67541,803
67554,433
67555,373
67560,840
67572,1177
67578,807
67594,1308
67604,217
67606,1014
67625,330
67629,1111
67632,79
67633,448
67642,699
67643,210
67647,19
67658,1062
67659,901
67663,65
67667,101
67672,990
67676,817
67684,728
67688,728
67691,874
67700,1105
67702,1185
67705,709
67706,855
67707,790
67721,1139
67722,36
67723,59
67725,1125
67729,756
67731,975
67742,1187
67743,848
67744,69
67747,595
67765,34
67767,830
67776,1015
67787,153
67793,753
67802,853
67810,1324
67815,385
67823,129
67826,111
67828,978
67831,311
67835,504
67837,1333
67859,1130
67860,331
67865,203
67871,803
67872,594
67883,1198
67886,743
67908,1066
67925,195
67932,79
67934,584
67943,61
67944,320
67949,495
67953,462
67956,417
67961,1173
67969,160
67982,310
68007,1264
68017,185
68019,663
68020,241
68021,609
68024,977
68026,372
68027,336
68029,1011
68032,487
68033,1142
68034,202
68038,1263
68042,1308
68044,1179
68046,797
68048,901
68050,65
68052,1179
68053,46
68054,46
68055,728
68056,1185
68064,873
68065,69
68068,1224
68070,451
68072,142
68079,853
68080,1324
68088,504
68099,743
68101,157
68106,222
68110,584
68122,495
68125,141
68130,236
68132,1200
68134,405
68137,896
68138,925
68142,460
68145,1013
68151,7
68152,740
68162,777
68164,182
68165,1001
68166,960
68167,1209
68172,273
68173,486
68177,726
68178,702
68179,507
68183,930
68190,526
68191,345
68192,16
68202,336
68204,19
68214,874
68218,1013
68226,803
68242,1185
68284,1196
68292,55
68308,361
68320,853
68336,50
68350,451
68352,69
68362,770
68364,141
68374,323
68376,609
68378,263
68380,1264
68396,1224
68398,1200
68400,925
68406,584
68416,526
68424,873
68428,777
68452,1189
68466,1196
68478,486
68488,273
68510,1013
68514,34
68520,1179
68528,36
68532,544
68536,801
68538,1308
68540,702
68544,195
68566,7
68572,752
68580,663
68586,1142
68592,967
68600,1312
68610,142
68614,433
68624,777
68632,807
68652,948
68664,684
68666,202
68668,1125
68670,797
68672,1066
68674,65
68692,46
68694,908
68704,236
68706,763
68722,507
68726,896
68738,763
68762,891
68764,889
68766,297
68792,1160
68794,594
68798,1185
68822,728
68826,61
68830,1312
68842,76
68852,726
68856,186
68868,1001
68870,977
68884,185
68890,930
68918,726
68920,1189
68924,204
68928,263
68952,874
68954,1015
68958,182
68964,345
68974,743
68976,331
68988,487
69016,699
69026,868
69034,925
69036,1269
69048,487
69056,241
69060,1105
69066,756
69070,991
69207,186
69231,252
69244,1134
69255,7
69257,461
69269,323
69270,609
69274,336
69276,186
69283,774
69289,19
69290,1103
69294,993
69296,1177
69298,807
69300,65
69302,1308
69306,197
69307,1179
69311,531
69314,1107
69316,699
69323,1062
69325,101
69330,1179
69341,790
69343,1083
69344,496
69345,55
69347,59
69349,1125
69352,661
69353,756
69354,1086
69358,69
69359,1224
69364,1205
69365,142
69366,34
69368,686
69370,1015
69376,479
69377,189
69380,1324
69386,591
69395,594
69396,1018
69399,1066
69404,146
69411,584
69412,1189
69413,908
69419,320
69422,495
69430,1200
69432,1082
69434,797
69438,544
69439,1249
69440,896
69445,173
69446,684
69451,511
69455,1013
69461,1312
69467,1160
69470,740
69475,1198
69483,314
69484,394
69485,484
69486,1141
69491,554
69494,841
69502,59
69503,781
69522,342
69524,702
69534,930
69538,556
69539,752
69544,629
69545,345
69546,16
